{
    "GeneratedAnswerLength": 19.333333333333332,
    "ReferenceAnswerLength": 13.833333333333334,
    "ContextLength": 46.833333333333336,
    "MeanReciprocalRank": 0.8333333333333334,
    "p@1": 0.6666666666666666,
    "p@3": 0.3333333333333333,
    "p@5": 0.19999999999999998,
    "p@10": 0.09999999999999999,
    "p@20": 0.049999999999999996,
    "p@30": 0.03333333333333333,
    "p@50": 0.02,
    "r@1": 0.6666666666666666,
    "r@3": 1.0,
    "r@5": 1.0,
    "r@10": 1.0,
    "r@20": 1.0,
    "r@30": 1.0,
    "r@50": 1.0,
    "CorpusBLEU": 0.09433880742398452,
    "rouge1": 0.3086907350458908,
    "rouge2": 0.15542405896932934,
    "rougeLsum": 0.2810045323596881,
    "BERTScore": 0.3164668074912495,
    "AnswerSimilarity": 0.5991464604934057,
    "AnswerFaithfulness": 0.6388888888888888,
    "ContextPrecision": 0.7499999999333333,
    "ContextRecall": 0.75,
    "AnswerRelevance": 0.8690249284108479,
    "NonAnswerCritic": 0.8333333333333334
}
